CustomerID,State,Coverage,Education,EmploymentStatus,Gender,Income,LocationCode,MaritalStatus,MonthlyPremiumAuto,MonthsSinceLastClaim,MonthsSincePolicyInception,NumberOfOpenComplaints,NumberOfPolicies,PolicyType,Policy,RenewOfferType,SalesChannel,TotalClaimAmount,VehicleClass,VehicleSize
VH85817,California,Basic,High School or Below,Employed,M,51066,Suburban,Single,74,23,0,0,8,Personal Auto,Personal L3,Offer2,Call Center,787.993313,Four-Door Car,Medsize
MQ14219,Arizona,Basic,College,Employed,M,27804,Suburban,Married,109,19,54,0,7,Personal Auto,Personal L3,Offer2,Branch,784.8,SUV,Medsize
DX91392,California,Basic,High School or Below,Employed,M,51066,Suburban,Single,74,23,0,0,8,Personal Auto,Personal L2,Offer2,Call Center,787.993313,Four-Door Car,Medsize
CC30924,Oregon,Premium,College,Employed,M,30110,Urban,Married,159,20,71,0,1,Corporate Auto,Corporate L3,Offer4,Agent,466.436375,Sports Car,Small
JE21522,California,Extended,Bachelor,Employed,M,39266,Suburban,Married,80,33,31,0,2,Personal Auto,Personal L2,Offer4,Branch,384,Four-Door Car,Medsize
ZF84449,Oregon,Basic,College,Unemployed,F,0,Suburban,Single,112,7,34,1,1,Special Auto,Special L1,Offer1,Agent,806.4,Sports Car,Medsize
QN65180,Oregon,Extended,Bachelor,Employed,F,22254,Rural,Married,79,22,75,0,2,Personal Auto,Personal L1,Offer3,Call Center,125.194389,Four-Door Car,Large
NS10490,Oregon,Basic,Bachelor,Employed,F,83235,Suburban,Married,70,16,33,0,2,Personal Auto,Personal L3,Offer2,Agent,336,Two-Door Car,Medsize
YH60476,Oregon,Basic,High School or Below,Employed,M,51066,Suburban,Single,74,23,0,0,8,Corporate Auto,Corporate L3,Offer2,Call Center,787.993313,Four-Door Car,Medsize
VU19243,Arizona,Premium,High School or Below,Medical Leave,F,18052,Suburban,Divorced,111,5,71,0,1,Personal Auto,Personal L1,Offer3,Web,699.1679,Four-Door Car,Medsize
RN82884,Arizona,Basic,College,Employed,F,40864,Rural,Married,109,16,70,1,1,Personal Auto,Personal L3,Offer1,Agent,166.937747,SUV,Medsize
DB75522,California,Extended,College,Employed,F,22436,Suburban,Married,89,24,21,0,3,Special Auto,Special L2,Offer2,Branch,427.2,Four-Door Car,Small
QR45101,Oregon,Basic,Bachelor,Unemployed,M,0,Suburban,Married,62,27,53,0,2,Corporate Auto,Corporate L3,Offer1,Branch,297.6,Two-Door Car,Medsize
UG79499,Washington,Extended,Bachelor,Employed,M,70930,Rural,Divorced,99,2,21,0,2,Personal Auto,Personal L1,Offer1,Agent,190.43446,Four-Door Car,Medsize
EH16250,Arizona,Basic,Bachelor,Employed,M,25290,Suburban,Single,66,0,4,0,2,Personal Auto,Personal L1,Offer3,Call Center,382.085897,Four-Door Car,Medsize
ON59472,Arizona,Extended,High School or Below,Medical Leave,M,21921,Suburban,Married,206,14,44,0,3,Corporate Auto,Corporate L2,Offer1,Branch,1254.137899,Luxury SUV,Large
MN20737,Nevada,Basic,College,Employed,F,73935,Rural,Married,64,13,29,1,1,Corporate Auto,Corporate L3,Offer4,Call Center,72.071195,Four-Door Car,Medsize
ES90681,California,Basic,College,Employed,F,51808,Suburban,Married,61,3,12,1,1,Personal Auto,Personal L2,Offer1,Agent,351.149904,Four-Door Car,Small
ZV32120,California,Basic,Doctor,Employed,M,23599,Suburban,Single,103,20,46,0,1,Corporate Auto,Corporate L3,Offer2,Agent,494.4,SUV,Medsize
MG10140,Oregon,Extended,College,Employed,F,41479,Rural,Married,94,14,38,1,1,Personal Auto,Personal L1,Offer2,Call Center,19.575683,Two-Door Car,Large
QQ39596,Arizona,Basic,College,Unemployed,F,0,Rural,Married,69,2,71,0,1,Personal Auto,Personal L3,Offer2,Call Center,42.096415,Four-Door Car,Medsize
WP73172,Oregon,Basic,Bachelor,Employed,F,81367,Urban,Married,103,2,32,0,4,Special Auto,Special L2,Offer3,Branch,415.768941,SUV,Medsize
BR99015,California,Extended,Bachelor,Unemployed,F,0,Suburban,Single,94,25,20,0,6,Personal Auto,Personal L3,Offer2,Call Center,451.2,Four-Door Car,Small
XP61034,Oregon,Basic,Bachelor,Employed,M,39492,Suburban,Married,105,20,81,0,1,Personal Auto,Personal L3,Offer2,Agent,756,SUV,Medsize
SK95364,California,Extended,College,Unemployed,F,0,Suburban,Single,130,11,0,0,1,Personal Auto,Personal L2,Offer3,Agent,936,SUV,Medsize
BZ44726,Nevada,Basic,High School or Below,Employed,F,49825,Suburban,Married,70,14,27,3,2,Corporate Auto,Corporate L3,Offer3,Agent,336,Two-Door Car,Medsize
BC66536,Arizona,Extended,High School or Below,Employed,F,84869,Suburban,Married,85,5,65,0,4,Corporate Auto,Corporate L2,Offer2,Web,408,Four-Door Car,Medsize
ZC62609,Oregon,Extended,High School or Below,Unemployed,F,0,Suburban,Single,77,35,38,0,1,Personal Auto,Personal L1,Offer1,Branch,554.4,Four-Door Car,Small
AL35726,Oregon,Extended,College,Employed,F,41479,Rural,Married,94,14,38,1,1,Personal Auto,Personal L2,Offer2,Call Center,19.575683,Two-Door Car,Large
ND29059,Oregon,Extended,Bachelor,Employed,M,78011,Urban,Married,138,14,42,0,3,Personal Auto,Personal L3,Offer1,Agent,619.698644,SUV,Medsize
JI97190,California,Basic,High School or Below,Employed,M,43461,Suburban,Married,64,24,47,0,6,Personal Auto,Personal L3,Offer3,Branch,307.2,Two-Door Car,Large
WH62198,California,Basic,Bachelor,Unemployed,M,0,Suburban,Divorced,63,0,66,0,1,Personal Auto,Personal L2,Offer1,Call Center,305.552429,Four-Door Car,Small
FB49203,California,Extended,College,Unemployed,F,0,Suburban,Single,91,25,63,0,3,Corporate Auto,Corporate L2,Offer1,Agent,655.2,Two-Door Car,Medsize
AV76907,Oregon,Basic,College,Employed,F,40864,Rural,Married,109,16,70,1,1,Personal Auto,Personal L3,Offer1,Agent,166.937747,SUV,Medsize
OT49339,Oregon,Basic,College,Disabled,M,21052,Urban,Married,111,12,55,0,5,Corporate Auto,Corporate L3,Offer2,Call Center,453.578343,SUV,Medsize
SM14243,Washington,Basic,High School or Below,Unemployed,F,0,Suburban,Married,74,30,37,0,2,Personal Auto,Personal L3,Offer1,Call Center,460.084192,Four-Door Car,Medsize
ZN24083,Oregon,Basic,Doctor,Employed,M,29084,Suburban,Divorced,71,14,59,1,3,Corporate Auto,Corporate L2,Offer1,Web,492.088331,Four-Door Car,Small
KJ23009,California,Extended,Bachelor,Employed,F,20179,Suburban,Married,133,29,0,1,5,Corporate Auto,Corporate L3,Offer3,Agent,638.4,SUV,Medsize
OG71924,Oregon,Extended,Master,Unemployed,F,0,Urban,Married,93,28,3,0,8,Personal Auto,Personal L3,Offer2,Branch,436.143226,Four-Door Car,Large
AP65984,Oregon,Extended,College,Unemployed,F,0,Suburban,Single,135,0,86,0,1,Personal Auto,Personal L1,Offer2,Agent,648,SUV,Medsize
AP56340,Washington,Basic,Bachelor,Disabled,M,13103,Suburban,Married,72,21,32,0,7,Personal Auto,Personal L2,Offer1,Agent,458.003651,Four-Door Car,Medsize
RW50070,Arizona,Extended,High School or Below,Employed,M,63326,Suburban,Married,225,5,99,0,1,Personal Auto,Personal L3,Offer2,Branch,1080,Luxury Car,Medsize
UF32671,Washington,Basic,College,Employed,F,57338,Suburban,Single,66,9,85,0,3,Personal Auto,Personal L1,Offer1,Call Center,316.8,Four-Door Car,Small
SQ60915,Arizona,Extended,High School or Below,Employed,M,35970,Suburban,Divorced,98,29,81,0,1,Corporate Auto,Corporate L3,Offer3,Call Center,470.4,Four-Door Car,Large
PU71194,Oregon,Premium,Bachelor,Employed,F,56343,Suburban,Divorced,295,11,69,0,2,Personal Auto,Personal L3,Offer1,Branch,1612.962321,Luxury Car,Medsize
PE54870,Oregon,Basic,College,Employed,M,88454,Urban,Divorced,101,8,89,0,1,Personal Auto,Personal L3,Offer1,Web,308.749796,SUV,Medsize
DA57177,Oregon,Basic,College,Employed,F,40864,Rural,Married,109,16,70,1,1,Personal Auto,Personal L2,Offer1,Agent,166.937747,SUV,Medsize
TO71844,Oregon,Basic,College,Unemployed,M,0,Suburban,Single,67,6,60,1,1,Personal Auto,Personal L2,Offer4,Branch,321.6,Four-Door Car,Large
FM25704,Oregon,Basic,Bachelor,Employed,M,86933,Urban,Married,63,3,64,0,1,Corporate Auto,Corporate L3,Offer3,Agent,269.563038,Two-Door Car,Large
MX95450,Oregon,Extended,College,Unemployed,F,0,Suburban,Single,133,0,59,0,2,Personal Auto,Personal L3,Offer1,Agent,638.4,SUV,Medsize
AF49027,Arizona,Premium,College,Unemployed,F,0,Suburban,Single,117,25,43,0,2,Personal Auto,Personal L3,Offer1,Agent,842.4,Two-Door Car,Medsize
FJ60600,Oregon,Extended,High School or Below,Unemployed,F,0,Suburban,Single,96,0,38,0,3,Personal Auto,Personal L3,Offer1,Agent,818.730215,Four-Door Car,Small
DJ93289,California,Basic,High School or Below,Employed,F,66707,Rural,Married,61,19,24,0,8,Personal Auto,Personal L3,Offer4,Agent,71.980757,Two-Door Car,Large
PP97061,Nevada,Basic,College,Employed,F,40864,Rural,Married,109,16,70,1,1,Personal Auto,Personal L3,Offer1,Agent,166.937747,SUV,Medsize
TC69546,Arizona,Premium,College,Employed,M,70341,Rural,Married,179,11,43,0,3,Personal Auto,Personal L3,Offer4,Branch,253.511935,SUV,Medsize
FK97285,California,Extended,High School or Below,Employed,F,75774,Suburban,Married,92,30,55,1,1,Corporate Auto,Corporate L2,Offer2,Web,441.6,Four-Door Car,Medsize
LQ76461,Oregon,Basic,High School or Below,Employed,F,35334,Suburban,Married,65,29,31,0,4,Personal Auto,Personal L2,Offer4,Web,468,Four-Door Car,Small
OP60201,Oregon,Basic,College,Unemployed,M,0,Suburban,Single,72,33,6,2,1,Personal Auto,Personal L3,Offer1,Call Center,518.715288,Four-Door Car,Medsize
YQ44187,Oregon,Basic,Bachelor,Employed,F,26746,Rural,Single,66,20,41,0,1,Personal Auto,Personal L2,Offer1,Agent,165.75305,Two-Door Car,Medsize
QJ21876,California,Premium,College,Employed,F,48156,Suburban,Divorced,143,9,20,0,1,Personal Auto,Personal L3,Offer1,Web,686.4,SUV,Medsize
QI31659,California,Basic,Bachelor,Employed,F,76797,Urban,Single,71,22,2,0,2,Personal Auto,Personal L3,Offer2,Call Center,234.771653,Four-Door Car,Medsize
HA45220,California,Basic,High School or Below,Employed,F,37874,Rural,Married,65,30,65,0,8,Corporate Auto,Corporate L3,Offer1,Branch,41.016038,Four-Door Car,Large
YB66933,Washington,Basic,Bachelor,Employed,F,77552,Rural,Divorced,68,33,76,1,7,Corporate Auto,Corporate L3,Offer1,Call Center,45.215059,Four-Door Car,Medsize
PA18731,Oregon,Basic,College,Employed,F,46855,Urban,Married,119,13,94,0,9,Personal Auto,Personal L3,Offer3,Branch,472.391125,SUV,Small
PW31239,Oregon,Basic,College,Employed,F,40864,Rural,Married,109,16,70,1,1,Personal Auto,Personal L3,Offer1,Agent,166.937747,SUV,Medsize
DH95491,California,Basic,High School or Below,Unemployed,M,0,Suburban,Married,61,27,57,0,1,Personal Auto,Personal L3,Offer2,Call Center,292.8,Four-Door Car,Medsize
OX73233,Oregon,Basic,College,Unemployed,F,0,Suburban,Single,65,21,40,0,1,Corporate Auto,Corporate L3,Offer3,Web,468,Two-Door Car,Small
EZ41764,California,Basic,Bachelor,Employed,M,76792,Suburban,Married,62,12,27,0,1,Personal Auto,Personal L2,Offer3,Agent,297.6,Four-Door Car,Medsize
RQ77476,Oregon,Premium,Bachelor,Employed,M,87502,Urban,Married,102,20,28,0,2,Personal Auto,Personal L3,Offer2,Branch,421.111226,Four-Door Car,Medsize
ND71187,Arizona,Extended,Master,Employed,M,56233,Suburban,Married,79,30,61,0,2,Corporate Auto,Corporate L2,Offer1,Agent,558.746277,Four-Door Car,Large
CN30964,California,Extended,Bachelor,Employed,F,31517,Suburban,Married,84,33,74,2,3,Personal Auto,Personal L3,Offer4,Agent,604.8,Two-Door Car,Small
UD77728,Arizona,Basic,Bachelor,Employed,F,23550,Urban,Married,72,17,3,0,3,Personal Auto,Personal L3,Offer2,Agent,222.751524,Four-Door Car,Medsize
IP65887,Oregon,Basic,Bachelor,Employed,F,71644,Suburban,Married,105,19,83,0,2,Corporate Auto,Corporate L3,Offer1,Call Center,504,SUV,Medsize
FO13070,California,Basic,High School or Below,Employed,M,51066,Suburban,Single,74,23,0,0,8,Personal Auto,Personal L2,Offer2,Call Center,787.993313,Four-Door Car,Medsize
MC48570,Arizona,Basic,Doctor,Disabled,F,18661,Urban,Married,62,13,74,0,1,Personal Auto,Personal L2,Offer2,Web,196.879475,Two-Door Car,Medsize
IA67715,California,Basic,High School or Below,Employed,F,67332,Suburban,Married,192,3,10,0,1,Personal Auto,Personal L2,Offer4,Branch,921.6,Luxury Car,Medsize
XC14741,California,Basic,High School or Below,Employed,M,97735,Urban,Divorced,73,24,26,0,1,Corporate Auto,Corporate L2,Offer2,Branch,188.667196,Four-Door Car,Medsize
YE70791,California,Basic,High School or Below,Medical Leave,M,12430,Suburban,Single,73,22,13,0,4,Personal Auto,Personal L2,Offer2,Call Center,350.4,Four-Door Car,Medsize
LI72489,Nevada,Premium,Bachelor,Employed,M,46338,Rural,Married,193,24,68,0,9,Corporate Auto,Corporate L3,Offer4,Web,19.46445,SUV,Medsize
YJ96611,Arizona,Basic,High School or Below,Unemployed,F,0,Suburban,Single,104,30,96,0,3,Special Auto,Special L1,Offer1,Web,1210.245916,Sports Car,Medsize
KX57885,California,Extended,Bachelor,Retired,M,22103,Suburban,Divorced,89,4,74,1,3,Personal Auto,Personal L3,Offer2,Call Center,427.2,Four-Door Car,Medsize
FQ89652,Oregon,Basic,College,Unemployed,F,0,Suburban,Single,103,29,91,0,6,Special Auto,Special L2,Offer1,Agent,741.6,SUV,Medsize
XX34879,Oregon,Extended,College,Employed,M,56263,Suburban,Married,93,27,31,0,2,Corporate Auto,Corporate L3,Offer2,Agent,446.4,Four-Door Car,Medsize
QS81789,Oregon,Basic,Bachelor,Medical Leave,F,24410,Suburban,Married,73,5,51,0,2,Corporate Auto,Corporate L3,Offer3,Web,350.4,Four-Door Car,Small
EO24423,Arizona,Basic,Master,Disabled,M,22239,Suburban,Married,62,34,85,0,1,Personal Auto,Personal L3,Offer2,Branch,297.6,Four-Door Car,Small
GO42840,Oregon,Basic,High School or Below,Employed,M,87492,Urban,Married,62,15,69,0,1,Personal Auto,Personal L2,Offer3,Agent,264.461805,Two-Door Car,Medsize
IN56924,California,Basic,High School or Below,Unemployed,F,0,Suburban,Single,62,1,9,5,2,Personal Auto,Personal L3,Offer2,Agent,297.6,Four-Door Car,Medsize
IS58553,Oregon,Extended,High School or Below,Employed,F,22448,Suburban,Married,126,20,32,0,2,Personal Auto,Personal L3,Offer1,Branch,604.8,SUV,Medsize
TN71995,Arizona,Extended,Bachelor,Unemployed,M,0,Suburban,Divorced,84,4,52,1,4,Personal Auto,Personal L3,Offer2,Agent,403.2,Four-Door Car,Large
PS43764,Washington,Basic,High School or Below,Medical Leave,M,12430,Suburban,Single,73,22,13,0,4,Special Auto,Special L2,Offer2,Call Center,350.4,Four-Door Car,Medsize
YO41331,Oregon,Extended,College,Employed,F,41479,Rural,Married,94,14,38,1,1,Personal Auto,Personal L3,Offer2,Call Center,19.575683,Two-Door Car,Large
EP64833,California,Extended,High School or Below,Unemployed,F,0,Suburban,Single,86,12,96,0,8,Corporate Auto,Corporate L3,Offer3,Call Center,412.8,Four-Door Car,Medsize
QA32784,Oregon,Extended,Bachelor,Disabled,M,21497,Suburban,Married,128,31,58,0,1,Personal Auto,Personal L3,Offer3,Call Center,614.4,Sports Car,Medsize
NS14955,Oregon,Extended,Master,Employed,F,40564,Rural,Married,97,0,36,0,2,Personal Auto,Personal L2,Offer4,Call Center,85.968142,Four-Door Car,Small
UH79028,Nevada,Basic,High School or Below,Employed,M,51066,Suburban,Single,74,23,0,0,8,Personal Auto,Personal L2,Offer2,Call Center,787.993313,Four-Door Car,Medsize
NJ54277,California,Extended,College,Employed,F,41479,Rural,Married,94,14,38,1,1,Personal Auto,Personal L2,Offer2,Call Center,19.575683,Two-Door Car,Large
ZR41880,Nevada,Extended,College,Employed,F,75180,Rural,Single,77,15,30,3,1,Corporate Auto,Corporate L3,Offer3,Agent,154.907769,Four-Door Car,Large
CY90231,Nevada,Basic,Master,Employed,M,44096,Suburban,Divorced,72,28,65,1,2,Personal Auto,Personal L2,Offer1,Branch,345.6,Four-Door Car,Small
KR29524,Oregon,Basic,Bachelor,Employed,F,78596,Rural,Married,118,1,70,0,1,Personal Auto,Personal L1,Offer1,Branch,133.907696,SUV,Medsize
HV75704,California,Basic,Bachelor,Employed,F,70521,Suburban,Married,63,13,26,0,2,Corporate Auto,Corporate L3,Offer1,Agent,302.4,Four-Door Car,Small
LP59331,Arizona,Basic,College,Employed,M,38606,Suburban,Single,68,16,99,0,3,Personal Auto,Personal L3,Offer1,Branch,413.288851,Four-Door Car,Medsize
OE19653,Oregon,Extended,High School or Below,Unemployed,F,0,Suburban,Married,93,4,63,0,1,Personal Auto,Personal L2,Offer4,Branch,446.4,Two-Door Car,Small
WG51244,Oregon,Basic,Bachelor,Employed,M,48107,Suburban,Divorced,190,6,34,2,2,Corporate Auto,Corporate L2,Offer1,Call Center,912,Luxury SUV,Small
UF13251,Oregon,Basic,High School or Below,Employed,M,26032,Suburban,Married,109,18,25,0,3,Personal Auto,Personal L2,Offer2,Web,638.098653,SUV,Medsize
HY49431,California,Extended,Bachelor,Employed,F,21947,Urban,Married,83,17,66,0,1,Personal Auto,Personal L1,Offer3,Branch,366.90936,Four-Door Car,Medsize
JU55710,Oregon,Extended,College,Employed,F,41479,Rural,Married,94,14,38,1,1,Personal Auto,Personal L1,Offer2,Call Center,19.575683,Two-Door Car,Large
MZ85889,California,Basic,Master,Employed,F,25778,Rural,Divorced,68,29,34,0,3,Corporate Auto,Corporate L2,Offer2,Call Center,20.141289,Two-Door Car,Large
BZ33435,Arizona,Basic,Bachelor,Employed,F,56017,Rural,Married,71,1,98,0,6,Corporate Auto,Corporate L3,Offer1,Branch,51.995897,Four-Door Car,Small
DR93103,Arizona,Basic,Master,Employed,F,36212,Rural,Married,73,25,57,0,2,Personal Auto,Personal L2,Offer1,Agent,119.033795,Two-Door Car,Medsize
GU41036,Oregon,Extended,High School or Below,Disabled,M,13411,Suburban,Married,127,27,81,0,7,Personal Auto,Personal L1,Offer1,Branch,609.6,SUV,Medsize
GN36177,Nevada,Basic,Bachelor,Employed,M,43626,Suburban,Divorced,67,9,80,0,1,Personal Auto,Personal L3,Offer4,Call Center,321.6,Two-Door Car,Small
KH94432,Arizona,Basic,Doctor,Employed,F,48696,Rural,Married,66,21,31,0,6,Corporate Auto,Corporate L2,Offer3,Agent,48.762193,Four-Door Car,Medsize
CG69038,Washington,Basic,College,Employed,M,38157,Rural,Married,61,2,39,0,4,Personal Auto,Personal L3,Offer3,Branch,81.53233,Two-Door Car,Medsize
TB56369,California,Premium,Bachelor,Employed,F,36551,Rural,Single,107,12,25,0,2,Personal Auto,Personal L3,Offer1,Branch,53.837271,Four-Door Car,Medsize
DR77208,California,Extended,Bachelor,Unemployed,M,0,Rural,Married,85,7,6,0,2,Personal Auto,Personal L2,Offer4,Call Center,58.714775,Two-Door Car,Medsize
VF36700,Oregon,Extended,Master,Retired,F,20983,Urban,Single,97,10,52,1,2,Personal Auto,Personal L2,Offer1,Branch,451.751555,Four-Door Car,Medsize
AP52565,Arizona,Extended,High School or Below,Employed,F,70328,Urban,Married,84,11,32,0,6,Corporate Auto,Corporate L1,Offer4,Branch,293.227028,Four-Door Car,Medsize
UM17151,California,Basic,Bachelor,Unemployed,M,0,Suburban,Single,67,15,91,3,1,Personal Auto,Personal L2,Offer1,Agent,413.606733,Two-Door Car,Medsize
PP35705,California,Extended,High School or Below,Medical Leave,M,26376,Suburban,Divorced,121,7,19,0,2,Personal Auto,Personal L3,Offer1,Agent,580.8,SUV,Small
LH66741,Arizona,Basic,Bachelor,Employed,M,23158,Suburban,Married,63,31,46,3,2,Personal Auto,Personal L2,Offer2,Branch,302.4,Four-Door Car,Large
LT80200,Oregon,Basic,High School or Below,Unemployed,F,0,Suburban,Single,74,22,3,0,1,Personal Auto,Personal L2,Offer1,Branch,355.2,Four-Door Car,Small
WW19050,Oregon,Extended,High School or Below,Unemployed,M,0,Rural,Married,79,3,66,0,9,Personal Auto,Personal L2,Offer4,Agent,50.447629,Two-Door Car,Large
FD16853,Arizona,Basic,High School or Below,Unemployed,F,0,Suburban,Married,72,2,83,0,3,Personal Auto,Personal L3,Offer1,Call Center,427.265172,Four-Door Car,Medsize
LP48634,California,Basic,High School or Below,Employed,F,59974,Rural,Divorced,65,23,5,0,1,Corporate Auto,Corporate L3,Offer4,Call Center,127.233139,Four-Door Car,Medsize
KH53118,California,Basic,Bachelor,Employed,F,44485,Rural,Married,62,5,74,0,2,Special Auto,Special L3,Offer1,Agent,79.893853,Four-Door Car,Medsize
BV36386,California,Basic,College,Employed,F,40864,Rural,Married,109,16,70,1,1,Personal Auto,Personal L3,Offer1,Agent,166.937747,SUV,Medsize
QY46560,Arizona,Basic,Bachelor,Unemployed,M,0,Suburban,Single,65,8,50,0,1,Personal Auto,Personal L2,Offer2,Agent,460.379966,Two-Door Car,Medsize
KR90607,Washington,Basic,College,Unemployed,F,0,Suburban,Single,101,16,59,0,1,Personal Auto,Personal L1,Offer1,Agent,862.49778,SUV,Medsize
LU49168,Arizona,Basic,High School or Below,Unemployed,M,0,Suburban,Married,63,24,89,0,2,Personal Auto,Personal L3,Offer4,Branch,302.4,Two-Door Car,Large
XJ65608,California,Basic,College,Employed,F,63633,Suburban,Married,68,16,21,1,8,Corporate Auto,Corporate L1,Offer2,Agent,374.024077,Two-Door Car,Medsize
HY46017,California,Basic,College,Employed,F,70793,Rural,Married,69,32,1,0,1,Personal Auto,Personal L3,Offer2,Web,62.625841,Four-Door Car,Large
GM61951,Nevada,Basic,High School or Below,Unemployed,F,0,Suburban,Single,115,22,65,0,2,Personal Auto,Personal L3,Offer2,Agent,1251.042795,SUV,Small
RE93978,Washington,Basic,College,Employed,M,89061,Suburban,Divorced,103,19,88,0,3,Personal Auto,Personal L2,Offer3,Web,565.267705,SUV,Small
HB21182,Arizona,Basic,Master,Employed,F,20200,Suburban,Single,65,3,51,3,1,Personal Auto,Personal L3,Offer2,Agent,312,Two-Door Car,Medsize
YQ95507,Oregon,Basic,High School or Below,Employed,F,69259,Suburban,Divorced,63,3,30,0,1,Personal Auto,Personal L3,Offer3,Call Center,362.51794,Four-Door Car,Small
UX87980,Nevada,Extended,College,Employed,M,50180,Urban,Single,77,30,93,3,1,Personal Auto,Personal L3,Offer2,Web,360.499075,Four-Door Car,Medsize
OP68330,Oregon,Extended,College,Unemployed,F,0,Suburban,Married,96,31,64,1,3,Personal Auto,Personal L2,Offer1,Agent,460.8,Four-Door Car,Large
VZ64716,Oregon,Extended,Master,Employed,M,81081,Rural,Married,96,32,34,1,2,Corporate Auto,Corporate L2,Offer4,Call Center,206.211089,Four-Door Car,Medsize
VI18029,Washington,Basic,Bachelor,Employed,M,79271,Urban,Married,62,24,63,4,1,Personal Auto,Personal L3,Offer2,Agent,232.753598,Four-Door Car,Medsize
GD93408,California,Basic,Bachelor,Employed,F,30968,Rural,Married,74,10,89,1,8,Corporate Auto,Corporate L2,Offer1,Branch,45.425684,Two-Door Car,Medsize
VI12822,Washington,Basic,High School or Below,Employed,F,99841,Suburban,Married,65,14,30,0,1,Personal Auto,Personal L2,Offer2,Branch,312,Four-Door Car,Small
WE21182,Oregon,Basic,High School or Below,Medical Leave,M,12430,Suburban,Single,73,22,13,0,4,Personal Auto,Personal L3,Offer2,Call Center,350.4,Four-Door Car,Medsize
IS73434,Arizona,Extended,Bachelor,Employed,F,45892,Suburban,Married,81,1,49,0,1,Corporate Auto,Corporate L2,Offer2,Agent,388.8,Four-Door Car,Medsize
XL49151,Arizona,Extended,College,Employed,M,22426,Suburban,Single,76,9,31,1,1,Corporate Auto,Corporate L3,Offer3,Branch,528.391284,Four-Door Car,Medsize
GP37412,Arizona,Basic,College,Employed,F,59763,Suburban,Married,73,4,31,0,2,Personal Auto,Personal L3,Offer4,Agent,350.4,Two-Door Car,Small
VO29645,Oregon,Basic,High School or Below,Medical Leave,M,12430,Suburban,Single,73,22,13,0,4,Personal Auto,Personal L3,Offer2,Call Center,350.4,Four-Door Car,Medsize
FE62142,Oregon,Basic,Bachelor,Employed,F,43682,Rural,Married,107,12,73,0,1,Corporate Auto,Corporate L3,Offer3,Branch,148.003496,SUV,Medsize
UY95661,California,Basic,Master,Employed,M,49161,Urban,Married,63,16,41,2,3,Personal Auto,Personal L2,Offer3,Branch,171.746945,Two-Door Car,Medsize
KH12081,Arizona,Basic,High School or Below,Unemployed,F,0,Suburban,Divorced,119,3,11,1,8,Personal Auto,Personal L3,Offer2,Branch,729.405742,SUV,Large
IH20118,Oregon,Basic,High School or Below,Medical Leave,M,12430,Suburban,Single,73,22,13,0,4,Personal Auto,Personal L3,Offer2,Call Center,350.4,Four-Door Car,Medsize
KY55245,California,Basic,High School or Below,Medical Leave,M,12430,Suburban,Single,73,22,13,0,4,Personal Auto,Personal L3,Offer2,Call Center,350.4,Four-Door Car,Medsize
AQ94108,Oregon,Basic,College,Employed,F,56704,Rural,Married,71,33,50,0,2,Corporate Auto,Corporate L3,Offer1,Branch,84.715044,Four-Door Car,Medsize
RM87465,Arizona,Basic,High School or Below,Employed,M,51066,Suburban,Single,74,23,0,0,8,Personal Auto,Personal L2,Offer2,Call Center,787.993313,Four-Door Car,Medsize
PD69398,Washington,Extended,College,Employed,M,62370,Rural,Married,94,4,10,2,2,Corporate Auto,Corporate L1,Offer2,Call Center,32.00761,Four-Door Car,Medsize
PG14554,Arizona,Basic,Bachelor,Unemployed,M,0,Suburban,Married,115,3,22,0,2,Personal Auto,Personal L2,Offer1,Call Center,552,SUV,Small
ON72594,California,Extended,Master,Employed,F,58881,Urban,Married,97,8,51,0,2,Personal Auto,Personal L2,Offer4,Branch,354.885018,Four-Door Car,Medsize
RE68901,Washington,Basic,College,Employed,F,20303,Suburban,Married,71,24,84,0,3,Corporate Auto,Corporate L3,Offer1,Branch,340.8,Four-Door Car,Small
AZ90068,California,Basic,College,Employed,M,89219,Suburban,Single,73,12,9,4,2,Personal Auto,Personal L3,Offer2,Branch,350.4,Four-Door Car,Medsize
XH46220,California,Extended,College,Employed,F,41479,Rural,Married,94,14,38,1,1,Corporate Auto,Corporate L2,Offer2,Call Center,19.575683,Two-Door Car,Large
YN15016,California,Basic,High School or Below,Unemployed,M,0,Suburban,Single,68,35,98,2,9,Personal Auto,Personal L3,Offer1,Branch,489.6,Four-Door Car,Medsize
HB12866,California,Extended,High School or Below,Unemployed,F,0,Suburban,Single,206,7,82,0,1,Personal Auto,Personal L2,Offer2,Agent,1483.2,Luxury SUV,Large
NM33351,California,Extended,Bachelor,Employed,F,86134,Rural,Divorced,98,17,78,0,2,Corporate Auto,Corporate L3,Offer1,Agent,3.246203,Two-Door Car,Small
RJ62038,California,Extended,High School or Below,Unemployed,M,0,Suburban,Single,82,34,5,0,2,Personal Auto,Personal L1,Offer2,Web,590.4,Four-Door Car,Small
ZO42514,California,Premium,Bachelor,Employed,F,96331,Urban,Divorced,114,33,38,0,9,Personal Auto,Personal L3,Offer3,Agent,491.027024,Two-Door Car,Medsize
EA52579,California,Basic,Bachelor,Unemployed,F,0,Suburban,Divorced,109,0,5,0,3,Personal Auto,Personal L1,Offer3,Call Center,523.2,SUV,Medsize
MR76405,California,Extended,College,Employed,F,46530,Rural,Married,80,12,46,1,2,Corporate Auto,Corporate L2,Offer1,Agent,118.556928,Four-Door Car,Medsize
RI76399,California,Basic,High School or Below,Employed,F,37109,Suburban,Married,63,7,70,0,2,Corporate Auto,Corporate L2,Offer1,Agent,302.4,Two-Door Car,Medsize
LI81655,California,Premium,Master,Employed,M,21586,Suburban,Married,167,31,44,1,1,Personal Auto,Personal L2,Offer4,Agent,801.6,Sports Car,Medsize
PS23376,California,Basic,High School or Below,Employed,F,69668,Rural,Married,70,34,33,0,4,Corporate Auto,Corporate L2,Offer1,Branch,64.855035,Two-Door Car,Large
WC83389,Oregon,Basic,College,Employed,M,51148,Urban,Married,72,9,1,0,7,Personal Auto,Personal L2,Offer2,Branch,308.981664,Four-Door Car,Medsize
OM82309,California,Basic,Bachelor,Employed,M,61321,Rural,Single,186,0,30,1,2,Personal Auto,Personal L3,Offer2,Branch,427.63121,Luxury Car,Small
OE75231,Washington,Extended,Bachelor,Employed,F,72540,Suburban,Married,88,7,3,0,2,Corporate Auto,Corporate L3,Offer2,Call Center,631.743039,Two-Door Car,Medsize
WI57118,California,Extended,College,Employed,M,56398,Suburban,Married,85,4,18,0,7,Personal Auto,Personal L3,Offer4,Agent,408,Four-Door Car,Small
ML93326,Washington,Basic,College,Employed,F,84903,Urban,Married,111,7,63,0,1,Personal Auto,Personal L1,Offer1,Agent,497.126827,SUV,Medsize
RV14138,Nevada,Extended,Bachelor,Retired,F,23904,Suburban,Single,123,1,67,3,1,Personal Auto,Personal L3,Offer1,Agent,590.4,SUV,Medsize
YS94121,Nevada,Basic,High School or Below,Employed,M,50366,Suburban,Divorced,72,9,5,0,9,Personal Auto,Personal L1,Offer1,Call Center,428.734656,Four-Door Car,Small
KO26461,Arizona,Extended,High School or Below,Employed,M,41520,Urban,Married,90,18,70,0,2,Personal Auto,Personal L2,Offer1,Agent,289.904105,Four-Door Car,Medsize
HO61691,Arizona,Basic,Bachelor,Employed,F,72006,Suburban,Divorced,64,4,38,0,3,Personal Auto,Personal L1,Offer4,Agent,307.2,Four-Door Car,Medsize
OU78470,Arizona,Extended,Master,Employed,F,32006,Rural,Single,94,28,7,0,2,Corporate Auto,Corporate L3,Offer2,Call Center,56.868289,Four-Door Car,Medsize
MJ69973,Arizona,Basic,High School or Below,Unemployed,M,0,Suburban,Married,74,17,73,0,1,Personal Auto,Personal L3,Offer1,Call Center,402.449823,Two-Door Car,Medsize
UB16654,Washington,Basic,Master,Disabled,M,15680,Urban,Divorced,64,20,29,0,8,Personal Auto,Personal L3,Offer4,Web,260.879903,Four-Door Car,Medsize
IW71076,California,Basic,Bachelor,Employed,M,75248,Rural,Married,63,13,71,0,5,Corporate Auto,Corporate L3,Offer2,Agent,104.454624,Four-Door Car,Large
IN17648,Nevada,Basic,High School or Below,Unemployed,M,0,Suburban,Single,74,1,62,0,7,Personal Auto,Personal L1,Offer1,Agent,772.798511,Two-Door Car,Medsize
TC97762,California,Basic,High School or Below,Employed,F,52275,Suburban,Married,62,6,88,0,5,Corporate Auto,Corporate L3,Offer3,Branch,374.240783,Four-Door Car,Medsize
MY64920,Oregon,Basic,College,Employed,F,73259,Suburban,Married,115,7,31,0,4,Personal Auto,Personal L2,Offer4,Web,673.34265,SUV,Medsize
CN90378,California,Extended,High School or Below,Employed,F,54780,Rural,Married,88,22,72,3,5,Personal Auto,Personal L3,Offer1,Agent,135.26125,Four-Door Car,Large
PM27367,California,Basic,Master,Employed,F,73570,Rural,Single,70,0,46,1,1,Special Auto,Special L3,Offer2,Branch,75.936096,Two-Door Car,Medsize
QP65569,Arizona,Premium,High School or Below,Employed,M,57449,Suburban,Single,103,6,28,0,2,Personal Auto,Personal L3,Offer1,Agent,494.4,Four-Door Car,Medsize
CN23147,Oregon,Premium,Bachelor,Employed,M,48804,Suburban,Married,112,1,4,1,2,Corporate Auto,Corporate L3,Offer1,Branch,537.6,Four-Door Car,Medsize
RU94434,Oregon,Premium,High School or Below,Employed,M,57449,Suburban,Single,103,6,28,0,2,Personal Auto,Personal L3,Offer1,Agent,494.4,Four-Door Car,Medsize
HQ82233,California,Basic,High School or Below,Employed,M,42995,Urban,Married,101,10,22,0,2,Personal Auto,Personal L3,Offer3,Call Center,410.508316,SUV,Medsize
IS30295,Arizona,Extended,Bachelor,Unemployed,F,0,Suburban,Divorced,139,5,56,0,2,Personal Auto,Personal L3,Offer1,Call Center,667.2,SUV,Medsize
KR48903,Washington,Basic,High School or Below,Employed,M,88264,Suburban,Married,62,8,34,0,1,Personal Auto,Personal L3,Offer1,Branch,297.6,Two-Door Car,Medsize
AQ51368,Oregon,Extended,Bachelor,Employed,F,72540,Suburban,Married,88,7,3,0,2,Corporate Auto,Corporate L3,Offer2,Call Center,631.743039,Two-Door Car,Medsize
UF77413,Oregon,Basic,College,Employed,M,65794,Urban,Married,69,10,14,1,1,Personal Auto,Personal L1,Offer1,Branch,277.27294,Four-Door Car,Medsize
LE84979,California,Basic,Master,Employed,F,21331,Urban,Divorced,103,18,84,0,2,Personal Auto,Personal L3,Offer1,Agent,419.062661,SUV,Large
VO36036,Oregon,Extended,Doctor,Employed,F,28248,Suburban,Single,90,25,89,0,1,Personal Auto,Personal L3,Offer2,Branch,634.385937,Four-Door Car,Small
WG15841,California,Basic,Bachelor,Employed,M,26790,Suburban,Married,71,4,41,0,1,Personal Auto,Personal L3,Offer2,Agent,340.8,Two-Door Car,Medsize
TP54769,California,Extended,Bachelor,Employed,F,39452,Urban,Divorced,131,6,54,0,1,Corporate Auto,Corporate L3,Offer1,Web,398.190882,SUV,Medsize
AN36757,Oregon,Extended,Master,Employed,M,66851,Urban,Married,92,10,70,2,2,Personal Auto,Personal L3,Offer2,Branch,408.550442,Four-Door Car,Medsize
TS50305,California,Basic,High School or Below,Unemployed,F,0,Suburban,Single,112,11,3,0,1,Personal Auto,Personal L3,Offer1,Agent,806.4,SUV,Medsize
GY55415,Nevada,Premium,Bachelor,Unemployed,F,0,Suburban,Single,149,16,70,0,2,Corporate Auto,Corporate L1,Offer1,Web,1072.8,SUV,Medsize
KY29506,California,Premium,College,Employed,F,92850,Suburban,Single,104,3,28,1,2,Personal Auto,Personal L2,Offer1,Agent,499.2,Four-Door Car,Small
JR59597,California,Extended,Bachelor,Employed,M,50843,Suburban,Single,82,12,65,0,3,Personal Auto,Personal L3,Offer3,Call Center,393.6,Two-Door Car,Small
DL26809,Nevada,Basic,College,Unemployed,M,0,Suburban,Single,68,13,26,0,2,Personal Auto,Personal L3,Offer1,Agent,489.6,Two-Door Car,Small
DN98431,Oregon,Basic,High School or Below,Unemployed,F,0,Suburban,Married,68,24,73,0,1,Corporate Auto,Corporate L3,Offer1,Branch,326.4,Four-Door Car,Medsize
QI40455,Oregon,Basic,Doctor,Unemployed,F,0,Urban,Married,107,18,79,0,2,Personal Auto,Personal L3,Offer1,Branch,271.014511,SUV,Large
EX61844,Arizona,Basic,High School or Below,Employed,M,36733,Urban,Married,71,21,28,0,2,Personal Auto,Personal L2,Offer2,Agent,327.078047,Four-Door Car,Medsize
PL78574,Arizona,Premium,High School or Below,Employed,M,57449,Suburban,Single,103,6,28,0,2,Personal Auto,Personal L3,Offer1,Agent,494.4,Four-Door Car,Medsize
RR54950,Arizona,Basic,College,Employed,M,85753,Suburban,Married,66,23,14,1,8,Special Auto,Special L2,Offer1,Branch,316.8,Four-Door Car,Small
GC93551,Oregon,Basic,High School or Below,Employed,F,27179,Suburban,Divorced,66,8,91,0,9,Personal Auto,Personal L3,Offer1,Branch,344.201601,Four-Door Car,Medsize
OV40993,Nevada,Basic,College,Disabled,F,17453,Suburban,Married,118,12,70,1,9,Personal Auto,Personal L2,Offer1,Branch,566.4,SUV,Small
GC42314,Arizona,Basic,Doctor,Unemployed,M,0,Suburban,Married,111,3,59,0,9,Personal Auto,Personal L3,Offer3,Web,672.91665,SUV,Medsize
BG60187,Oregon,Extended,Bachelor,Unemployed,M,0,Urban,Single,79,22,82,0,2,Personal Auto,Personal L3,Offer1,Branch,335.234102,Four-Door Car,Medsize
KE60943,California,Basic,Bachelor,Employed,M,33305,Suburban,Married,62,3,12,0,5,Special Auto,Special L2,Offer1,Call Center,353.77899,Four-Door Car,Small
GT37101,Oregon,Basic,High School or Below,Employed,F,37640,Urban,Divorced,67,25,74,0,4,Personal Auto,Personal L2,Offer1,Call Center,174.046849,Two-Door Car,Medsize
KR17533,Oregon,Basic,Doctor,Employed,M,40175,Rural,Divorced,102,34,78,1,1,Personal Auto,Personal L1,Offer3,Branch,154.721555,SUV,Medsize
DN10177,California,Basic,College,Unemployed,M,0,Suburban,Single,67,26,4,0,3,Personal Auto,Personal L1,Offer1,Call Center,321.6,Two-Door Car,Medsize
YV93921,California,Basic,Bachelor,Employed,M,77357,Rural,Single,67,24,38,0,8,Personal Auto,Personal L2,Offer3,Web,29.884537,Four-Door Car,Medsize
LV34368,California,Basic,Bachelor,Unemployed,M,0,Suburban,Single,69,30,44,0,3,Special Auto,Special L3,Offer1,Agent,472.611522,Four-Door Car,Medsize
KP96020,Arizona,Basic,Bachelor,Employed,F,39660,Urban,Married,107,3,46,0,1,Corporate Auto,Corporate L2,Offer1,Agent,416.8496,Sports Car,Small
EW35231,Oregon,Extended,High School or Below,Employed,F,56379,Suburban,Married,125,0,59,1,8,Corporate Auto,Corporate L2,Offer1,Agent,600,SUV,Medsize
FG16885,Arizona,Premium,College,Unemployed,M,0,Suburban,Single,146,7,50,0,2,Personal Auto,Personal L2,Offer2,Web,1055.43784,SUV,Medsize
ID40186,Oregon,Premium,Bachelor,Employed,F,27778,Suburban,Divorced,109,30,14,0,2,Personal Auto,Personal L3,Offer1,Agent,523.2,Four-Door Car,Large
BL93527,Arizona,Basic,High School or Below,Employed,M,44025,Suburban,Single,69,0,75,0,1,Personal Auto,Personal L3,Offer1,Branch,331.2,Two-Door Car,Medsize
DO80363,Arizona,Premium,High School or Below,Unemployed,M,0,Suburban,Single,108,2,38,0,1,Personal Auto,Personal L2,Offer3,Branch,912.581597,Four-Door Car,Small
OU78642,Arizona,Basic,Master,Employed,F,81568,Urban,Married,186,0,73,0,1,Personal Auto,Personal L3,Offer2,Web,737.442295,Luxury SUV,Medsize
SX95355,Oregon,Basic,Bachelor,Employed,F,67511,Suburban,Married,73,3,5,0,8,Personal Auto,Personal L3,Offer3,Call Center,350.4,Four-Door Car,Small
IC51895,Arizona,Extended,College,Employed,F,38873,Suburban,Married,92,6,33,0,2,Personal Auto,Personal L2,Offer2,Branch,599.811172,Two-Door Car,Medsize
HU72679,Oregon,Basic,Doctor,Employed,M,90334,Urban,Divorced,119,4,46,0,9,Corporate Auto,Corporate L3,Offer3,Branch,423.785148,SUV,Medsize
MO63575,Oregon,Extended,Bachelor,Retired,F,23904,Suburban,Single,123,1,67,3,1,Corporate Auto,Corporate L3,Offer1,Agent,590.4,SUV,Medsize
GB12561,Oregon,Basic,College,Unemployed,F,0,Suburban,Single,108,11,84,2,3,Corporate Auto,Corporate L3,Offer1,Agent,777.6,Sports Car,Medsize
LY14355,Washington,Basic,High School or Below,Employed,F,73847,Suburban,Married,73,34,51,1,1,Personal Auto,Personal L2,Offer2,Web,350.4,Two-Door Car,Small
WI14444,California,Basic,High School or Below,Employed,F,74286,Urban,Married,70,27,0,0,3,Personal Auto,Personal L1,Offer4,Agent,277.585067,Two-Door Car,Medsize
HF62608,Oregon,Extended,College,Employed,F,44213,Rural,Single,85,15,58,0,3,Personal Auto,Personal L3,Offer1,Branch,77.523904,Four-Door Car,Medsize
BD58297,California,Basic,Bachelor,Employed,F,76356,Suburban,Married,71,4,61,2,1,Personal Auto,Personal L3,Offer3,Branch,340.8,Two-Door Car,Medsize
EH86912,California,Basic,College,Disabled,M,28617,Suburban,Married,112,20,57,0,9,Personal Auto,Personal L2,Offer3,Agent,797.595611,SUV,Medsize
QO16222,California,Basic,College,Unemployed,F,0,Suburban,Single,196,13,74,2,1,Personal Auto,Personal L3,Offer2,Call Center,2327.166394,Luxury SUV,Small
KD63903,Arizona,Basic,College,Unemployed,M,0,Suburban,Married,118,6,32,0,5,Personal Auto,Personal L1,Offer3,Call Center,566.4,SUV,Medsize
YW85018,Nevada,Basic,Bachelor,Employed,M,26790,Suburban,Married,71,4,41,0,1,Personal Auto,Personal L1,Offer2,Agent,340.8,Two-Door Car,Medsize
SN21895,Arizona,Extended,Bachelor,Medical Leave,F,13088,Suburban,Married,82,29,77,0,3,Personal Auto,Personal L3,Offer1,Agent,393.6,Four-Door Car,Small
QG83213,California,Extended,College,Unemployed,M,0,Suburban,Single,94,7,8,0,6,Personal Auto,Personal L2,Offer2,Agent,451.2,Four-Door Car,Small
TL18087,Washington,Extended,Bachelor,Employed,M,65083,Suburban,Married,77,30,68,0,1,Personal Auto,Personal L2,Offer2,Web,369.6,Four-Door Car,Medsize
LO17953,Oregon,Basic,Doctor,Employed,F,38704,Rural,Married,65,10,28,0,9,Personal Auto,Personal L3,Offer2,Branch,9.716628,Four-Door Car,Large
RC44077,California,Basic,Bachelor,Employed,M,26790,Suburban,Married,71,4,41,0,1,Personal Auto,Personal L3,Offer2,Agent,340.8,Two-Door Car,Medsize
NT40494,California,Basic,High School or Below,Employed,F,66933,Urban,Married,63,8,0,0,6,Personal Auto,Personal L1,Offer1,Agent,160.52105,Four-Door Car,Medsize
NG93751,California,Extended,Bachelor,Employed,M,46435,Urban,Married,82,13,20,0,1,Corporate Auto,Corporate L3,Offer2,Branch,350.325879,Two-Door Car,Medsize
LU79865,Nevada,Basic,Bachelor,Employed,M,88370,Suburban,Divorced,74,0,16,1,9,Personal Auto,Personal L1,Offer1,Agent,355.2,Four-Door Car,Small
SV68939,Arizona,Extended,Master,Employed,F,33157,Rural,Married,124,28,58,0,3,Personal Auto,Personal L3,Offer2,Agent,286.003968,SUV,Medsize
ZM84839,California,Basic,College,Employed,F,92777,Rural,Married,68,21,83,2,2,Personal Auto,Personal L1,Offer1,Web,158.041549,Two-Door Car,Medsize
BI34286,Oregon,Extended,Master,Employed,M,47259,Suburban,Married,81,22,54,0,5,Corporate Auto,Corporate L2,Offer1,Branch,388.8,Four-Door Car,Medsize
SI30451,Arizona,Basic,College,Employed,F,30009,Urban,Married,68,28,56,0,1,Personal Auto,Personal L1,Offer1,Agent,317.428826,Four-Door Car,Medsize
ES66762,Oregon,Extended,Bachelor,Employed,F,72540,Suburban,Married,88,7,3,0,2,Personal Auto,Personal L1,Offer2,Call Center,631.743039,Two-Door Car,Medsize
PH70685,California,Basic,Bachelor,Employed,F,70795,Urban,Married,68,10,95,0,4,Corporate Auto,Corporate L1,Offer2,Call Center,177.948654,Four-Door Car,Medsize
NX93393,Oregon,Premium,High School or Below,Employed,M,86096,Suburban,Married,108,30,1,0,1,Corporate Auto,Corporate L3,Offer2,Call Center,518.4,Two-Door Car,Large
IP77666,Nevada,Extended,Bachelor,Employed,F,72540,Suburban,Married,88,7,3,0,2,Personal Auto,Personal L3,Offer2,Call Center,631.743039,Two-Door Car,Medsize
FG71665,Arizona,Basic,Bachelor,Employed,M,26790,Suburban,Married,71,4,41,0,1,Personal Auto,Personal L1,Offer2,Agent,340.8,Two-Door Car,Medsize
SJ87108,Arizona,Extended,Bachelor,Retired,F,23904,Suburban,Single,123,1,67,3,1,Corporate Auto,Corporate L3,Offer1,Agent,590.4,SUV,Medsize
QM78112,Washington,Basic,Bachelor,Employed,M,26790,Suburban,Married,71,4,41,0,1,Personal Auto,Personal L3,Offer2,Agent,340.8,Two-Door Car,Medsize
KI70852,Nevada,Basic,Bachelor,Unemployed,F,0,Suburban,Single,101,12,38,0,1,Personal Auto,Personal L3,Offer1,Call Center,1201.085226,SUV,Small
WD38067,California,Extended,Bachelor,Employed,F,72540,Suburban,Married,88,7,3,0,2,Personal Auto,Personal L2,Offer2,Call Center,631.743039,Two-Door Car,Medsize
UI80897,Washington,Basic,High School or Below,Employed,M,50470,Suburban,Divorced,71,1,87,0,8,Corporate Auto,Corporate L2,Offer4,Call Center,377.498287,Two-Door Car,Large
UA74474,Oregon,Premium,College,Employed,F,87517,Suburban,Married,112,1,28,1,1,Corporate Auto,Corporate L3,Offer2,Branch,802.278237,Four-Door Car,Small
MS45259,Nevada,Basic,College,Employed,M,88079,Rural,Married,61,16,37,0,3,Personal Auto,Personal L2,Offer2,Agent,121.88814,Two-Door Car,Medsize
SS20130,Oregon,Basic,Bachelor,Employed,F,67414,Rural,Married,68,7,37,0,8,Personal Auto,Personal L1,Offer2,Branch,148.778455,Four-Door Car,Medsize
HD29166,Oregon,Extended,Bachelor,Unemployed,F,0,Suburban,Divorced,139,5,56,0,2,Personal Auto,Personal L3,Offer1,Call Center,667.2,SUV,Medsize
UY57856,Oregon,Extended,College,Unemployed,F,0,Suburban,Single,83,14,22,0,1,Corporate Auto,Corporate L2,Offer3,Branch,708.693556,Four-Door Car,Medsize
JM89095,Oregon,Extended,High School or Below,Unemployed,M,0,Suburban,Single,92,30,81,0,2,Personal Auto,Personal L2,Offer1,Call Center,640.229108,Two-Door Car,Medsize
TZ37274,Arizona,Basic,High School or Below,Unemployed,M,0,Suburban,Single,62,32,31,0,3,Personal Auto,Personal L3,Offer3,Web,690.548602,Four-Door Car,Medsize
DL11519,Oregon,Basic,College,Unemployed,M,0,Suburban,Single,104,24,49,0,6,Special Auto,Special L2,Offer1,Branch,748.8,SUV,Medsize
PH83205,Oregon,Basic,Bachelor,Employed,M,26790,Suburban,Married,71,4,41,0,1,Corporate Auto,Corporate L3,Offer2,Agent,340.8,Two-Door Car,Medsize
ZE59681,Nevada,Basic,College,Employed,M,88009,Urban,Single,71,29,21,0,1,Corporate Auto,Corporate L2,Offer1,Branch,266.52482,Two-Door Car,Medsize
XQ93931,Oregon,Basic,College,Employed,M,23706,Suburban,Married,68,1,56,1,2,Corporate Auto,Corporate L3,Offer3,Web,326.4,Four-Door Car,Medsize
MZ63755,California,Extended,Bachelor,Unemployed,F,0,Suburban,Divorced,139,5,56,0,2,Personal Auto,Personal L1,Offer1,Call Center,667.2,SUV,Medsize
VR18539,Washington,Basic,College,Employed,M,44843,Urban,Single,105,14,34,0,3,Personal Auto,Personal L2,Offer1,Branch,391.419263,SUV,Medsize
PT50287,Oregon,Basic,Bachelor,Employed,F,69746,Urban,Divorced,74,17,91,0,1,Personal Auto,Personal L1,Offer1,Call Center,225.032781,Four-Door Car,Medsize
EM39400,Nevada,Basic,Bachelor,Employed,M,79181,Urban,Divorced,72,1,24,0,1,Personal Auto,Personal L3,Offer2,Branch,241.277426,Four-Door Car,Medsize
OA55110,Arizona,Basic,Master,Medical Leave,M,14306,Urban,Divorced,74,31,22,3,7,Corporate Auto,Corporate L2,Offer2,Agent,355.061143,Four-Door Car,Medsize
XR37151,California,Extended,Bachelor,Unemployed,F,0,Suburban,Single,131,18,41,0,3,Personal Auto,Personal L2,Offer2,Branch,628.8,Sports Car,Medsize
ZB82406,Oregon,Extended,Bachelor,Unemployed,F,0,Suburban,Single,99,16,65,2,3,Personal Auto,Personal L1,Offer2,Branch,712.8,Four-Door Car,Small
OP93305,California,Extended,High School or Below,Employed,M,78255,Suburban,Single,95,14,88,0,2,Personal Auto,Personal L3,Offer4,Branch,456,Four-Door Car,Small
MC85738,California,Extended,Bachelor,Unemployed,F,0,Suburban,Divorced,139,5,56,0,2,Personal Auto,Personal L3,Offer1,Call Center,667.2,SUV,Medsize
VV61641,Oregon,Premium,High School or Below,Unemployed,F,0,Suburban,Single,185,7,47,2,2,Personal Auto,Personal L1,Offer1,Agent,1543.932434,SUV,Medsize
IU15885,Washington,Basic,Bachelor,Unemployed,F,0,Suburban,Married,66,35,75,0,4,Personal Auto,Personal L3,Offer2,Agent,316.8,Four-Door Car,Small
CA55066,Arizona,Premium,High School or Below,Employed,M,57449,Suburban,Single,103,6,28,0,2,Personal Auto,Personal L2,Offer1,Agent,494.4,Four-Door Car,Medsize
RS54064,Washington,Basic,High School or Below,Employed,M,78337,Rural,Divorced,62,2,88,2,2,Corporate Auto,Corporate L3,Offer1,Branch,36.285512,Two-Door Car,Medsize
AJ32539,Oregon,Basic,Bachelor,Employed,M,25860,Suburban,Married,72,12,46,0,1,Personal Auto,Personal L3,Offer2,Web,345.6,Four-Door Car,Medsize
HC63693,Arizona,Extended,College,Employed,F,88049,Suburban,Single,92,5,38,0,8,Corporate Auto,Corporate L1,Offer1,Branch,567.065802,Two-Door Car,Medsize
US36532,Arizona,Basic,High School or Below,Employed,F,76283,Suburban,Married,61,9,99,0,6,Corporate Auto,Corporate L3,Offer2,Agent,292.8,Four-Door Car,Medsize
WT38706,Oregon,Extended,Bachelor,Unemployed,F,0,Suburban,Divorced,139,5,56,0,2,Personal Auto,Personal L3,Offer1,Call Center,667.2,SUV,Medsize
YU83697,Nevada,Basic,Bachelor,Unemployed,F,0,Suburban,Single,110,8,76,0,1,Corporate Auto,Corporate L2,Offer1,Agent,528,SUV,Small
FG35165,Washington,Basic,College,Employed,F,50516,Urban,Married,62,34,95,0,1,Personal Auto,Personal L3,Offer1,Branch,179.633818,Four-Door Car,Medsize
BB19609,California,Extended,College,Employed,M,29977,Rural,Married,133,16,19,0,2,Personal Auto,Personal L3,Offer1,Agent,255.659711,SUV,Small
CF62430,Nevada,Basic,Bachelor,Employed,F,70973,Suburban,Divorced,114,6,24,1,3,Personal Auto,Personal L2,Offer1,Agent,547.2,SUV,Small
EG54606,California,Basic,Bachelor,Employed,M,21371,Suburban,Married,66,13,48,0,8,Personal Auto,Personal L2,Offer2,Branch,590.017366,Four-Door Car,Small
XP92021,Oregon,Basic,High School or Below,Employed,F,68009,Suburban,Divorced,110,1,2,0,2,Personal Auto,Personal L1,Offer1,Call Center,528,SUV,Medsize
QH61060,Arizona,Basic,High School or Below,Employed,F,31365,Suburban,Married,115,1,12,0,7,Special Auto,Special L2,Offer1,Call Center,828,SUV,Medsize
KV17233,Arizona,Basic,Bachelor,Employed,F,23033,Suburban,Married,62,5,9,0,1,Personal Auto,Personal L3,Offer3,Web,500.908028,Two-Door Car,Small
BC51708,California,Basic,High School or Below,Employed,M,51659,Suburban,Married,64,19,37,0,3,Personal Auto,Personal L2,Offer2,Agent,307.2,Four-Door Car,Medsize
GP20237,Nevada,Basic,Bachelor,Employed,F,29286,Suburban,Married,69,5,20,1,1,Personal Auto,Personal L3,Offer2,Call Center,496.8,Four-Door Car,Small
EX63393,California,Extended,Master,Employed,F,66947,Suburban,Married,78,13,12,0,6,Personal Auto,Personal L1,Offer3,Agent,374.4,Four-Door Car,Small
SR49919,Arizona,Extended,Bachelor,Employed,F,72540,Suburban,Married,88,7,3,0,2,Personal Auto,Personal L3,Offer2,Call Center,631.743039,Two-Door Car,Medsize
TB40283,California,Extended,Bachelor,Unemployed,F,0,Suburban,Divorced,139,5,56,0,2,Corporate Auto,Corporate L2,Offer1,Call Center,667.2,SUV,Medsize
PT40521,California,Extended,Bachelor,Retired,F,23904,Suburban,Single,123,1,67,3,1,Corporate Auto,Corporate L1,Offer1,Agent,590.4,SUV,Medsize
BD84823,Oregon,Premium,High School or Below,Employed,M,57449,Suburban,Single,103,6,28,0,2,Personal Auto,Personal L2,Offer1,Agent,494.4,Four-Door Car,Medsize
SI26369,Oregon,Basic,College,Unemployed,M,0,Suburban,Single,64,25,25,0,8,Personal Auto,Personal L3,Offer2,Call Center,460.8,Two-Door Car,Medsize
UW90223,California,Basic,Bachelor,Employed,F,27839,Suburban,Married,65,20,54,5,1,Personal Auto,Personal L1,Offer3,Agent,312,Two-Door Car,Small
IN26765,Oregon,Basic,College,Employed,M,62912,Rural,Married,69,9,89,0,2,Personal Auto,Personal L1,Offer2,Branch,168.358644,Two-Door Car,Medsize
IQ96928,Oregon,Basic,High School or Below,Unemployed,F,0,Suburban,Single,62,20,9,0,7,Corporate Auto,Corporate L1,Offer1,Agent,675.661163,Four-Door Car,Small
LC20778,Nevada,Extended,Master,Medical Leave,F,27229,Suburban,Single,99,20,9,0,2,Personal Auto,Personal L2,Offer3,Agent,475.2,Four-Door Car,Small
CF44171,California,Extended,Bachelor,Retired,F,23904,Suburban,Single,123,1,67,3,1,Personal Auto,Personal L3,Offer1,Agent,590.4,SUV,Medsize
UL96474,Arizona,Basic,College,Unemployed,F,0,Suburban,Married,108,32,49,3,1,Personal Auto,Personal L2,Offer2,Agent,718.383,SUV,Medsize
IV84135,California,Extended,College,Employed,F,75638,Rural,Divorced,83,6,52,4,2,Personal Auto,Personal L3,Offer4,Agent,108.69654,Four-Door Car,Medsize
TE11374,California,Basic,Bachelor,Disabled,F,24982,Suburban,Married,109,20,52,4,7,Personal Auto,Personal L1,Offer1,Web,523.2,SUV,Medsize
MG12206,California,Basic,College,Unemployed,M,0,Suburban,Single,69,21,54,5,3,Personal Auto,Personal L2,Offer4,Call Center,496.8,Two-Door Car,Medsize
CA45756,Arizona,Basic,Master,Employed,F,60426,Rural,Single,62,0,97,0,2,Corporate Auto,Corporate L2,Offer1,Call Center,133.284622,Two-Door Car,Medsize
LO39834,Oregon,Extended,Bachelor,Retired,F,23904,Suburban,Single,123,1,67,3,1,Personal Auto,Personal L3,Offer1,Agent,590.4,SUV,Medsize
PY17715,California,Extended,Master,Employed,F,58840,Rural,Single,86,25,44,0,1,Corporate Auto,Corporate L3,Offer1,Agent,73.27252,Two-Door Car,Medsize
YB14965,Arizona,Basic,College,Employed,M,89771,Urban,Married,114,5,83,0,2,Personal Auto,Personal L3,Offer1,Agent,432.409662,SUV,Medsize
GA93544,Oregon,Extended,High School or Below,Unemployed,F,0,Suburban,Single,77,19,17,0,1,Personal Auto,Personal L2,Offer1,Branch,554.4,Four-Door Car,Medsize
OO79691,Arizona,Basic,College,Unemployed,F,0,Suburban,Single,111,4,8,0,2,Personal Auto,Personal L3,Offer2,Call Center,1018.808223,SUV,Medsize
PA15141,California,Extended,High School or Below,Employed,F,43221,Urban,Married,87,33,51,0,7,Special Auto,Special L2,Offer1,Branch,398.735257,Four-Door Car,Large
MY56715,Oregon,Extended,Bachelor,Employed,M,58109,Suburban,Divorced,86,9,6,0,1,Corporate Auto,Corporate L3,Offer2,Branch,412.8,Two-Door Car,Medsize
QC95625,California,Premium,High School or Below,Employed,M,57449,Suburban,Single,103,6,28,0,2,Personal Auto,Personal L2,Offer1,Agent,494.4,Four-Door Car,Medsize
AQ34238,Oregon,Basic,Bachelor,Unemployed,M,0,Suburban,Single,72,8,14,2,8,Corporate Auto,Corporate L1,Offer1,Call Center,518.4,Four-Door Car,Medsize
NG94966,California,Basic,College,Employed,M,34759,Suburban,Divorced,61,30,84,0,1,Personal Auto,Personal L3,Offer2,Agent,302.353842,Four-Door Car,Large
JL25091,California,Premium,Bachelor,Employed,M,79284,Rural,Single,117,9,59,1,1,Special Auto,Special L2,Offer3,Agent,156.452827,Four-Door Car,Medsize
DZ85842,California,Basic,High School or Below,Retired,M,17920,Suburban,Married,72,14,53,0,2,Personal Auto,Personal L1,Offer1,Branch,424.375364,Four-Door Car,Medsize
BV12771,California,Basic,College,Unemployed,M,0,Suburban,Married,112,23,20,0,2,Personal Auto,Personal L2,Offer3,Branch,537.6,SUV,Medsize
GD57363,California,Basic,College,Employed,M,38795,Rural,Married,65,23,64,0,3,Personal Auto,Personal L2,Offer2,Agent,98.354737,Four-Door Car,Medsize
BR22486,California,Basic,College,Employed,F,82940,Suburban,Single,63,12,56,0,3,Personal Auto,Personal L2,Offer3,Agent,332.847984,Four-Door Car,Medsize
JA47688,California,Extended,Master,Employed,M,40658,Suburban,Single,90,25,20,0,1,Personal Auto,Personal L2,Offer3,Branch,502.873215,Two-Door Car,Medsize
ZK71157,California,Basic,Bachelor,Employed,F,40833,Urban,Single,69,13,84,0,6,Corporate Auto,Corporate L1,Offer2,Call Center,294.591676,Four-Door Car,Medsize
JY66887,California,Extended,High School or Below,Unemployed,F,0,Suburban,Single,247,5,12,3,5,Personal Auto,Personal L2,Offer2,Branch,1778.4,Luxury Car,Medsize
BP90016,California,Basic,Master,Employed,M,78032,Urban,Married,103,8,49,0,3,Corporate Auto,Corporate L3,Offer3,Agent,323.607074,SUV,Small
ZV55368,California,Basic,High School or Below,Employed,M,75650,Rural,Married,71,24,53,0,8,Corporate Auto,Corporate L2,Offer4,Agent,104.918485,Four-Door Car,Medsize
US89481,California,Premium,Bachelor,Unemployed,F,0,Suburban,Single,111,15,47,0,1,Personal Auto,Personal L3,Offer1,Agent,799.2,Four-Door Car,Small
SV85652,Arizona,Basic,College,Employed,M,23158,Suburban,Married,63,4,6,1,1,Personal Auto,Personal L2,Offer4,Call Center,322.294043,Four-Door Car,Small
UB61619,Oregon,Premium,Master,Disabled,F,11621,Suburban,Divorced,108,4,98,0,1,Personal Auto,Personal L1,Offer1,Agent,518.4,Four-Door Car,Medsize
HF88410,Washington,Basic,High School or Below,Employed,M,36765,Suburban,Married,66,15,32,1,2,Personal Auto,Personal L2,Offer1,Call Center,320.849072,Four-Door Car,Medsize
EK59571,Oregon,Premium,College,Unemployed,M,0,Suburban,Married,105,3,92,0,1,Corporate Auto,Corporate L2,Offer1,Branch,504,Four-Door Car,Large
XN16891,Arizona,Basic,College,Employed,M,81097,Suburban,Divorced,74,7,67,0,1,Personal Auto,Personal L1,Offer4,Agent,355.2,Four-Door Car,Small
PK52952,Arizona,Basic,Doctor,Employed,M,28224,Suburban,Single,109,13,13,0,8,Personal Auto,Personal L3,Offer1,Call Center,523.2,SUV,Medsize
AF10970,Arizona,Basic,Bachelor,Employed,F,96163,Suburban,Married,73,23,90,0,3,Corporate Auto,Corporate L3,Offer1,Call Center,350.4,Four-Door Car,Medsize
IM94808,Nevada,Basic,Bachelor,Employed,M,70051,Rural,Married,68,15,69,0,8,Corporate Auto,Corporate L3,Offer4,Web,42.078345,Four-Door Car,Medsize
MQ68407,Oregon,Premium,Bachelor,Employed,F,63774,Rural,Divorced,111,18,63,0,1,Personal Auto,Personal L3,Offer2,Agent,60.036683,Four-Door Car,Medsize
ZA64638,Nevada,Extended,High School or Below,Unemployed,F,0,Suburban,Single,98,24,11,1,2,Personal Auto,Personal L2,Offer2,Web,705.6,Four-Door Car,Small
XA55917,California,Basic,College,Disabled,F,26049,Suburban,Married,113,10,15,1,9,Personal Auto,Personal L1,Offer1,Web,619.165344,SUV,Medsize
OQ61223,California,Basic,College,Unemployed,M,0,Suburban,Divorced,73,9,94,0,2,Personal Auto,Personal L2,Offer1,Agent,350.4,Two-Door Car,Medsize
SV35618,Oregon,Premium,Bachelor,Employed,F,87747,Rural,Divorced,147,3,87,1,1,Personal Auto,Personal L2,Offer2,Agent,46.492039,SUV,Small
RA49085,California,Basic,College,Employed,F,37038,Rural,Married,71,6,97,1,1,Corporate Auto,Corporate L3,Offer4,Branch,9.071305,Four-Door Car,Large
ZJ18419,Washington,Extended,College,Unemployed,F,0,Suburban,Married,78,27,10,0,8,Personal Auto,Personal L1,Offer1,Branch,644.755653,Four-Door Car,Small
OV54878,California,Premium,Bachelor,Unemployed,M,0,Suburban,Single,142,5,87,0,1,Corporate Auto,Corporate L2,Offer4,Web,1022.4,SUV,Medsize
NS39326,California,Basic,College,Employed,F,66670,Urban,Married,114,23,6,0,1,Personal Auto,Personal L3,Offer3,Agent,518.180364,SUV,Medsize
NH35059,Nevada,Premium,College,Unemployed,M,0,Suburban,Married,105,3,92,0,1,Corporate Auto,Corporate L3,Offer1,Branch,504,Four-Door Car,Large
KW56110,Oregon,Basic,Bachelor,Unemployed,M,0,Suburban,Single,182,3,56,0,2,Personal Auto,Personal L2,Offer1,Web,1310.4,Luxury Car,Medsize
NZ26102,Oregon,Basic,High School or Below,Unemployed,F,0,Suburban,Single,65,8,58,0,1,Personal Auto,Personal L3,Offer2,Branch,468,Four-Door Car,Small
JO63462,California,Extended,Bachelor,Employed,M,79797,Rural,Divorced,84,27,46,0,1,Corporate Auto,Corporate L2,Offer4,Branch,31.755601,Two-Door Car,Medsize
XX88577,California,Premium,Bachelor,Employed,M,84824,Rural,Married,196,7,4,0,9,Corporate Auto,Corporate L1,Offer2,Branch,319.820747,SUV,Small
RE42925,Oregon,Basic,Bachelor,Employed,M,49088,Suburban,Divorced,114,17,87,1,2,Corporate Auto,Corporate L2,Offer3,Branch,547.2,SUV,Small
PS31050,Washington,Basic,Bachelor,Unemployed,F,0,Suburban,Single,69,35,79,0,2,Personal Auto,Personal L3,Offer1,Branch,496.8,Four-Door Car,Medsize
YM99866,Arizona,Basic,High School or Below,Employed,M,53904,Suburban,Married,67,1,17,2,1,Personal Auto,Personal L2,Offer3,Agent,321.6,Four-Door Car,Medsize
MD86050,Oregon,Basic,High School or Below,Unemployed,M,0,Suburban,Single,67,20,38,0,8,Personal Auto,Personal L3,Offer4,Branch,482.4,Four-Door Car,Medsize
GN80437,Oregon,Extended,College,Unemployed,F,0,Suburban,Married,91,28,59,0,1,Special Auto,Special L2,Offer2,Branch,596.050118,Four-Door Car,Medsize
BU41599,Washington,Basic,Master,Employed,F,62739,Urban,Divorced,70,29,80,0,3,Personal Auto,Personal L1,Offer2,Call Center,239.328571,Two-Door Car,Medsize
DW59142,Nevada,Basic,High School or Below,Employed,F,71879,Rural,Single,64,1,64,0,2,Corporate Auto,Corporate L3,Offer2,Web,9.163065,Two-Door Car,Medsize
RX19151,Washington,Basic,Bachelor,Employed,M,67137,Urban,Married,111,0,49,5,6,Personal Auto,Personal L1,Offer2,Agent,314.880326,SUV,Medsize
YE27183,Oregon,Extended,Bachelor,Unemployed,M,0,Suburban,Single,91,13,89,0,4,Corporate Auto,Corporate L3,Offer3,Call Center,436.8,Four-Door Car,Medsize
IK99137,Washington,Extended,Bachelor,Unemployed,M,0,Suburban,Divorced,79,5,62,0,7,Special Auto,Special L2,Offer2,Web,379.2,Four-Door Car,Small
MF18493,California,Basic,College,Unemployed,M,0,Suburban,Divorced,73,9,94,0,2,Personal Auto,Personal L1,Offer1,Agent,350.4,Two-Door Car,Medsize
BC43958,California,Basic,High School or Below,Employed,M,44788,Suburban,Married,61,6,48,0,2,Corporate Auto,Corporate L1,Offer2,Agent,386.031248,Four-Door Car,Small
AU46443,Nevada,Basic,Bachelor,Unemployed,F,0,Suburban,Single,102,19,13,0,3,Personal Auto,Personal L3,Offer1,Agent,1178.995926,SUV,Medsize
TW16499,California,Extended,Bachelor,Employed,M,43334,Suburban,Married,95,3,72,2,1,Corporate Auto,Corporate L2,Offer4,Call Center,614.367195,Two-Door Car,Small
DO98345,Oregon,Extended,High School or Below,Employed,M,72517,Urban,Married,82,33,27,0,2,Personal Auto,Personal L3,Offer2,Web,371.458196,Two-Door Car,Medsize
CB44654,Arizona,Basic,Bachelor,Employed,M,59665,Urban,Single,62,33,3,1,1,Personal Auto,Personal L3,Offer1,Agent,167.138119,Two-Door Car,Medsize
PO89542,Oregon,Basic,Bachelor,Unemployed,F,0,Suburban,Married,68,21,69,0,7,Personal Auto,Personal L2,Offer1,Branch,326.4,Four-Door Car,Medsize
YM77369,Oregon,Premium,High School or Below,Employed,M,56146,Urban,Married,119,0,91,0,1,Corporate Auto,Corporate L2,Offer4,Web,401.785805,Four-Door Car,Large
OY92520,California,Extended,Bachelor,Medical Leave,F,12075,Suburban,Married,94,16,23,0,5,Personal Auto,Personal L2,Offer1,Branch,451.2,Four-Door Car,Medsize
ZU88029,Oregon,Basic,Master,Retired,F,26161,Suburban,Single,109,8,70,0,1,Personal Auto,Personal L3,Offer3,Branch,594.444586,Sports Car,Large
OY66019,Oregon,Extended,College,Unemployed,F,0,Urban,Married,83,8,78,0,4,Personal Auto,Personal L2,Offer2,Agent,254.142365,Four-Door Car,Medsize
FL18392,California,Basic,Bachelor,Employed,F,77601,Urban,Married,71,27,48,0,6,Personal Auto,Personal L3,Offer3,Branch,276.640352,Two-Door Car,Small
QC30857,Nevada,Basic,College,Employed,F,45768,Urban,Married,73,33,27,0,1,Personal Auto,Personal L2,Offer1,Agent,191.934494,Two-Door Car,Medsize
KI64666,Nevada,Basic,Bachelor,Unemployed,F,0,Suburban,Single,71,32,35,0,2,Personal Auto,Personal L2,Offer1,Call Center,511.2,Four-Door Car,Medsize
FV14881,California,Basic,Doctor,Employed,F,56362,Suburban,Married,197,30,47,1,6,Personal Auto,Personal L3,Offer4,Call Center,945.6,Luxury SUV,Medsize
ZH98656,Nevada,Basic,Master,Employed,F,91276,Suburban,Married,105,14,4,0,4,Personal Auto,Personal L3,Offer1,Call Center,504,SUV,Large
AN57220,Oregon,Basic,Bachelor,Employed,F,96917,Rural,Married,61,24,2,0,2,Special Auto,Special L3,Offer4,Web,71.942176,Four-Door Car,Medsize
NM95102,Oregon,Basic,High School or Below,Employed,M,44788,Suburban,Married,61,6,48,0,2,Personal Auto,Personal L3,Offer2,Agent,386.031248,Four-Door Car,Small
RO18530,Washington,Basic,Master,Employed,M,42557,Rural,Single,65,4,35,0,1,Personal Auto,Personal L3,Offer4,Agent,57.562324,Four-Door Car,Large
TL59568,Arizona,Premium,High School or Below,Unemployed,M,0,Suburban,Married,116,6,28,0,2,Personal Auto,Personal L2,Offer3,Agent,835.2,Two-Door Car,Medsize
SX98462,Oregon,Basic,College,Disabled,M,16916,Suburban,Married,64,31,31,0,2,Personal Auto,Personal L2,Offer3,Agent,377.512951,Four-Door Car,Medsize
BJ13380,Oregon,Basic,Bachelor,Employed,F,91603,Suburban,Single,69,4,92,2,3,Personal Auto,Personal L2,Offer1,Agent,472.67262,Four-Door Car,Small
GV71044,Oregon,Basic,College,Unemployed,F,0,Suburban,Single,66,12,71,0,1,Personal Auto,Personal L3,Offer1,Agent,475.2,Two-Door Car,Medsize
LU87443,Oregon,Basic,College,Employed,F,26277,Suburban,Single,61,17,30,0,4,Personal Auto,Personal L2,Offer3,Branch,292.8,Four-Door Car,Medsize
EE53627,Oregon,Basic,High School or Below,Disabled,M,12131,Urban,Single,64,32,60,1,1,Personal Auto,Personal L2,Offer3,Call Center,251.44949,Four-Door Car,Medsize
GU82757,California,Premium,Bachelor,Employed,F,63774,Rural,Divorced,111,18,63,0,1,Corporate Auto,Corporate L2,Offer2,Agent,60.036683,Four-Door Car,Medsize
IN91592,California,Basic,Bachelor,Employed,F,73858,Suburban,Married,72,8,59,3,1,Personal Auto,Personal L3,Offer4,Agent,422.59237,Four-Door Car,Medsize
QV30663,Nevada,Extended,Master,Employed,F,99654,Rural,Married,121,13,95,0,3,Personal Auto,Personal L3,Offer3,Call Center,272.788141,SUV,Medsize
JZ28301,Oregon,Basic,College,Employed,F,35011,Urban,Married,70,7,91,0,8,Personal Auto,Personal L3,Offer4,Call Center,215.728468,Four-Door Car,Large
ZV32968,Oregon,Basic,High School or Below,Employed,M,44788,Suburban,Married,61,6,48,0,2,Personal Auto,Personal L3,Offer2,Agent,386.031248,Four-Door Car,Small
SC11374,Nevada,Basic,College,Employed,F,80780,Rural,Married,109,26,11,0,3,Corporate Auto,Corporate L3,Offer2,Agent,3.55,SUV,Medsize
VE98553,Oregon,Premium,Bachelor,Employed,M,60466,Suburban,Married,117,14,3,0,1,Personal Auto,Personal L3,Offer2,Agent,784.186389,Four-Door Car,Large
AE62631,Oregon,Basic,Bachelor,Employed,M,20662,Suburban,Married,72,10,99,0,2,Personal Auto,Personal L1,Offer4,Agent,373.324673,Two-Door Car,Medsize
JI94264,Arizona,Extended,College,Disabled,M,16511,Suburban,Single,135,35,4,0,5,Personal Auto,Personal L3,Offer2,Agent,972,SUV,Large
GW14698,Arizona,Basic,College,Employed,F,80604,Urban,Married,61,22,86,0,3,Corporate Auto,Corporate L3,Offer4,Web,255.982609,Four-Door Car,Medsize
LY17372,Arizona,Extended,College,Employed,M,44743,Suburban,Divorced,137,16,55,4,1,Personal Auto,Personal L3,Offer1,Branch,741.300032,SUV,Small
CD71502,Arizona,Basic,High School or Below,Unemployed,M,0,Suburban,Divorced,103,8,75,0,1,Personal Auto,Personal L3,Offer1,Branch,642.773149,SUV,Medsize
LC23144,California,Basic,High School or Below,Medical Leave,F,13870,Suburban,Married,109,1,78,0,5,Personal Auto,Personal L3,Offer3,Web,550.430985,SUV,Medsize
TK61994,Oregon,Extended,College,Disabled,F,18690,Rural,Married,80,10,63,0,5,Personal Auto,Personal L2,Offer1,Agent,18.192921,Four-Door Car,Medsize
WP58797,Oregon,Basic,Bachelor,Disabled,M,19245,Suburban,Married,106,28,61,0,1,Personal Auto,Personal L3,Offer3,Web,508.8,SUV,Large
QR53727,Arizona,Basic,High School or Below,Unemployed,F,0,Suburban,Single,109,5,64,0,4,Personal Auto,Personal L3,Offer1,Web,523.2,SUV,Medsize
MB63131,Oregon,Basic,Bachelor,Unemployed,F,0,Suburban,Married,64,5,18,1,6,Corporate Auto,Corporate L2,Offer1,Call Center,307.2,Four-Door Car,Medsize
VD19899,California,Premium,Doctor,Employed,F,50494,Urban,Married,114,19,15,0,2,Personal Auto,Personal L3,Offer2,Call Center,491.322893,Two-Door Car,Medsize
NL17031,Washington,Extended,High School or Below,Unemployed,M,0,Suburban,Single,84,31,28,0,1,Personal Auto,Personal L3,Offer2,Agent,604.8,Two-Door Car,Medsize
HU81007,Oregon,Basic,Bachelor,Disabled,F,21706,Suburban,Divorced,108,19,28,0,3,Personal Auto,Personal L3,Offer1,Agent,518.4,SUV,Medsize
WG26617,Oregon,Extended,Bachelor,Employed,M,38279,Rural,Married,82,5,41,0,2,Personal Auto,Personal L3,Offer1,Web,64.396979,Two-Door Car,Medsize
NC34154,California,Basic,High School or Below,Disabled,F,17950,Suburban,Married,71,16,62,2,2,Special Auto,Special L2,Offer2,Web,340.8,Two-Door Car,Medsize
OD70577,Arizona,Extended,College,Unemployed,F,0,Suburban,Single,80,3,99,1,1,Personal Auto,Personal L3,Offer1,Branch,962.526106,Two-Door Car,Medsize
SB83749,California,Basic,High School or Below,Employed,M,20355,Suburban,Married,61,4,6,1,3,Personal Auto,Personal L1,Offer2,Branch,439.2,Four-Door Car,Large
XN18885,Oregon,Basic,High School or Below,Employed,M,44788,Suburban,Married,61,6,48,0,2,Personal Auto,Personal L2,Offer2,Agent,386.031248,Four-Door Car,Small
NX62002,Oregon,Basic,College,Unemployed,M,0,Suburban,Divorced,73,9,94,0,2,Corporate Auto,Corporate L3,Offer1,Agent,350.4,Two-Door Car,Medsize
YZ60434,Oregon,Basic,Master,Unemployed,M,0,Rural,Divorced,74,19,41,0,8,Personal Auto,Personal L2,Offer1,Web,59.026302,Four-Door Car,Medsize
AX36597,Arizona,Extended,College,Unemployed,F,0,Suburban,Married,81,8,47,0,8,Personal Auto,Personal L3,Offer4,Branch,390.161912,Four-Door Car,Medsize
PL33465,Arizona,Premium,Bachelor,Employed,F,63774,Rural,Divorced,111,18,63,0,1,Personal Auto,Personal L2,Offer2,Agent,60.036683,Four-Door Car,Medsize
LM50087,Arizona,Basic,College,Employed,F,50632,Rural,Married,62,26,42,0,1,Corporate Auto,Corporate L2,Offer3,Agent,54.961039,Two-Door Car,Medsize
OS95734,California,Extended,Bachelor,Employed,F,94508,Suburban,Married,88,27,54,0,3,Personal Auto,Personal L3,Offer4,Agent,491.384479,Four-Door Car,Medsize
HT64629,Washington,Basic,High School or Below,Unemployed,F,0,Suburban,Single,117,15,68,0,2,Personal Auto,Personal L2,Offer2,Branch,930.594707,SUV,Medsize
SL71970,Oregon,Basic,High School or Below,Unemployed,F,0,Suburban,Single,67,21,28,0,1,Special Auto,Special L3,Offer2,Agent,458.661381,Four-Door Car,Medsize
LT16517,Oregon,Extended,High School or Below,Employed,F,62053,Urban,Married,134,3,89,0,5,Personal Auto,Personal L3,Offer1,Web,614.03209,SUV,Medsize
RQ78687,Oregon,Basic,College,Employed,M,89410,Rural,Divorced,74,11,50,0,1,Personal Auto,Personal L2,Offer2,Agent,95.997363,Four-Door Car,Medsize
UQ71296,Washington,Basic,College,Employed,M,97095,Urban,Married,70,4,8,0,5,Personal Auto,Personal L1,Offer4,Branch,208.035411,Four-Door Car,Large
BC77846,Nevada,Extended,High School or Below,Unemployed,M,0,Suburban,Married,89,4,86,0,7,Personal Auto,Personal L2,Offer3,Agent,614.572672,Two-Door Car,Medsize
LE74625,California,Extended,Master,Medical Leave,M,22608,Suburban,Married,77,5,10,0,1,Personal Auto,Personal L1,Offer2,Agent,369.6,Four-Door Car,Small
VV35420,Arizona,Basic,High School or Below,Employed,M,44788,Suburban,Married,61,6,48,0,2,Personal Auto,Personal L1,Offer2,Agent,386.031248,Four-Door Car,Small
HW19141,Oregon,Extended,Bachelor,Employed,F,65773,Urban,Married,89,24,35,4,1,Corporate Auto,Corporate L2,Offer2,Call Center,245.308491,Four-Door Car,Medsize
PF88939,Nevada,Basic,Doctor,Disabled,M,21726,Suburban,Married,104,20,79,0,8,Personal Auto,Personal L2,Offer2,Branch,697.010998,SUV,Medsize
HL14274,California,Extended,College,Employed,F,88218,Rural,Divorced,99,9,25,0,2,Personal Auto,Personal L3,Offer2,Web,50.32306,Two-Door Car,Large
XC77244,Oregon,Basic,High School or Below,Employed,M,44788,Suburban,Married,61,6,48,0,2,Personal Auto,Personal L3,Offer2,Agent,386.031248,Four-Door Car,Small
RU75949,Oregon,Basic,College,Employed,M,85789,Rural,Married,105,18,54,2,2,Personal Auto,Personal L1,Offer1,Agent,122.302824,Sports Car,Medsize
CK29372,California,Basic,College,Employed,F,23840,Suburban,Married,64,32,66,0,7,Personal Auto,Personal L2,Offer4,Call Center,307.2,Four-Door Car,Small
RZ98310,Nevada,Extended,Bachelor,Unemployed,F,0,Suburban,Married,92,3,7,0,2,Personal Auto,Personal L3,Offer1,Call Center,441.6,Four-Door Car,Medsize
YP38413,Oregon,Basic,College,Employed,F,86901,Urban,Single,72,24,73,0,2,Personal Auto,Personal L2,Offer1,Agent,313.366255,Two-Door Car,Medsize
LJ35581,Washington,Premium,Bachelor,Unemployed,F,0,Suburban,Single,141,25,27,0,3,Personal Auto,Personal L3,Offer2,Agent,1015.2,SUV,Medsize
AZ15952,Oregon,Premium,Bachelor,Employed,M,52373,Rural,Divorced,111,2,37,0,9,Personal Auto,Personal L3,Offer1,Web,186.160527,Four-Door Car,Medsize
ER51965,Washington,Premium,College,Employed,M,49746,Suburban,Married,111,4,85,3,1,Corporate Auto,Corporate L2,Offer1,Agent,589.298521,Four-Door Car,Medsize
CJ59481,Washington,Basic,College,Employed,M,90893,Rural,Married,70,8,82,0,1,Personal Auto,Personal L3,Offer1,Agent,70.712507,Two-Door Car,Medsize
JZ76788,Nevada,Extended,College,Employed,M,29385,Suburban,Single,88,18,8,2,1,Personal Auto,Personal L2,Offer1,Agent,422.4,Two-Door Car,Small
IU95336,Arizona,Basic,High School or Below,Employed,M,24350,Suburban,Married,73,6,89,3,1,Corporate Auto,Corporate L2,Offer2,Branch,350.4,Four-Door Car,Medsize
NN44612,Nevada,Basic,Bachelor,Employed,F,61402,Urban,Divorced,62,1,69,0,3,Personal Auto,Personal L3,Offer1,Agent,252.157829,Two-Door Car,Medsize
KM65135,Oregon,Basic,College,Disabled,M,14957,Suburban,Single,66,24,68,0,8,Corporate Auto,Corporate L3,Offer1,Branch,316.8,Four-Door Car,Small
UR27848,California,Basic,College,Unemployed,M,0,Suburban,Divorced,73,9,94,0,2,Personal Auto,Personal L1,Offer1,Agent,350.4,Two-Door Car,Medsize
SG53084,California,Basic,Bachelor,Employed,F,70432,Rural,Married,61,16,49,3,4,Personal Auto,Personal L2,Offer4,Web,6.422285,Four-Door Car,Medsize
AT18041,California,Basic,High School or Below,Employed,F,63471,Suburban,Married,67,0,71,0,1,Personal Auto,Personal L1,Offer2,Agent,387.71779,Two-Door Car,Large
BT68954,Oregon,Extended,Bachelor,Unemployed,M,0,Suburban,Single,99,35,15,0,1,Special Auto,Special L2,Offer1,Agent,712.8,Four-Door Car,Medsize
UO12263,Oregon,Basic,High School or Below,Unemployed,F,0,Suburban,Married,69,31,76,4,3,Corporate Auto,Corporate L1,Offer1,Agent,331.2,Four-Door Car,Medsize
VQ48245,Washington,Extended,Master,Employed,F,77882,Suburban,Married,79,17,36,0,1,Personal Auto,Personal L3,Offer3,Web,379.2,Four-Door Car,Small
FL50532,Arizona,Basic,Master,Employed,M,48866,Suburban,Married,103,5,76,0,3,Personal Auto,Personal L1,Offer3,Web,494.4,Sports Car,Medsize
YC45944,Arizona,Premium,College,Unemployed,M,0,Suburban,Married,105,3,92,0,1,Personal Auto,Personal L2,Offer1,Branch,504,Four-Door Car,Large
PB16956,Oregon,Extended,College,Employed,F,51001,Urban,Married,99,13,49,1,3,Personal Auto,Personal L1,Offer1,Agent,291.890464,Four-Door Car,Medsize
UZ95992,California,Premium,Bachelor,Employed,F,63774,Rural,Divorced,111,18,63,0,1,Personal Auto,Personal L3,Offer2,Agent,60.036683,Four-Door Car,Medsize
LX74249,Oregon,Basic,Bachelor,Employed,F,96765,Urban,Married,72,28,61,0,1,Personal Auto,Personal L3,Offer3,Call Center,216.01091,Two-Door Car,Medsize
QI11566,Oregon,Basic,Bachelor,Disabled,F,25163,Suburban,Married,67,32,18,0,1,Corporate Auto,Corporate L2,Offer2,Branch,321.6,Two-Door Car,Small
LK39646,Washington,Basic,Bachelor,Employed,F,58843,Urban,Single,68,1,96,0,2,Corporate Auto,Corporate L1,Offer3,Call Center,200.490816,Two-Door Car,Large
UA53326,Oregon,Extended,College,Retired,F,23931,Suburban,Single,95,4,24,0,1,Personal Auto,Personal L3,Offer4,Web,456,Four-Door Car,Large
ZF81243,Nevada,Premium,Bachelor,Employed,F,63774,Rural,Divorced,111,18,63,0,1,Personal Auto,Personal L1,Offer2,Agent,60.036683,Four-Door Car,Medsize
GE49670,Arizona,Premium,High School or Below,Unemployed,M,0,Suburban,Married,101,6,43,0,9,Personal Auto,Personal L3,Offer3,Branch,549.692452,Four-Door Car,Medsize
CR76145,California,Premium,College,Unemployed,M,0,Suburban,Married,105,3,92,0,1,Personal Auto,Personal L2,Offer1,Branch,504,Four-Door Car,Large
XY57950,California,Extended,College,Unemployed,M,0,Suburban,Divorced,99,0,71,0,1,Special Auto,Special L2,Offer1,Branch,475.2,Four-Door Car,Medsize
RM31359,Oregon,Extended,High School or Below,Employed,F,48056,Suburban,Married,78,15,92,0,1,Corporate Auto,Corporate L3,Offer3,Agent,374.4,Four-Door Car,Small
SN26999,Oregon,Extended,High School or Below,Employed,F,98542,Suburban,Single,90,1,93,0,2,Personal Auto,Personal L3,Offer2,Agent,432,Two-Door Car,Small
PQ35034,Oregon,Basic,College,Employed,F,37586,Rural,Divorced,63,29,90,0,2,Corporate Auto,Corporate L3,Offer1,Branch,153.489143,Two-Door Car,Medsize
QV76563,Arizona,Basic,Doctor,Unemployed,F,0,Suburban,Divorced,69,8,24,0,6,Personal Auto,Personal L2,Offer4,Agent,331.2,Four-Door Car,Small
EA55071,Arizona,Premium,Bachelor,Employed,F,63774,Rural,Divorced,111,18,63,0,1,Personal Auto,Personal L2,Offer2,Agent,60.036683,Four-Door Car,Medsize
SY36127,California,Basic,Master,Employed,F,33462,Rural,Married,72,12,9,0,1,Personal Auto,Personal L3,Offer2,Branch,112.425578,Four-Door Car,Medsize
MB12747,Nevada,Extended,Bachelor,Employed,M,31930,Rural,Married,83,19,30,0,2,Personal Auto,Personal L3,Offer1,Branch,37.699658,Four-Door Car,Medsize
FT61724,California,Basic,Bachelor,Employed,F,29105,Rural,Married,117,28,31,0,1,Personal Auto,Personal L3,Offer2,Branch,272.612048,Sports Car,Medsize
DV62119,Arizona,Extended,Doctor,Employed,F,76114,Suburban,Married,88,6,97,0,1,Personal Auto,Personal L3,Offer2,Agent,422.4,Four-Door Car,Medsize
KQ98040,California,Extended,Bachelor,Employed,F,70061,Suburban,Married,99,2,57,0,3,Corporate Auto,Corporate L2,Offer3,Agent,699.517349,Four-Door Car,Small
XK20264,Washington,Extended,High School or Below,Unemployed,F,0,Urban,Married,82,22,62,0,2,Personal Auto,Personal L3,Offer1,Call Center,296.637382,Two-Door Car,Medsize
RD53171,Arizona,Extended,College,Unemployed,F,0,Suburban,Single,95,14,57,2,1,Personal Auto,Personal L2,Offer1,Agent,456,Two-Door Car,Medsize
CT84535,California,Premium,College,Unemployed,M,0,Suburban,Married,105,3,92,0,1,Personal Auto,Personal L3,Offer1,Branch,504,Four-Door Car,Large
CH76379,Oregon,Basic,Bachelor,Unemployed,M,0,Suburban,Single,61,21,13,0,3,Personal Auto,Personal L3,Offer1,Agent,292.8,Four-Door Car,Medsize
TA35356,California,Extended,College,Employed,F,86054,Rural,Married,239,12,11,0,1,Personal Auto,Personal L3,Offer2,Branch,115.166422,Luxury Car,Medsize
OF38237,California,Basic,Doctor,Disabled,F,29950,Suburban,Married,61,0,76,0,4,Personal Auto,Personal L1,Offer1,Call Center,292.8,Two-Door Car,Medsize
MN74944,Arizona,Extended,College,Employed,M,52210,Suburban,Married,80,6,74,0,9,Personal Auto,Personal L1,Offer1,Branch,384,Four-Door Car,Medsize
QT84069,Oregon,Extended,Master,Employed,M,82081,Urban,Married,249,1,62,0,2,Personal Auto,Personal L1,Offer2,Branch,753.760098,Luxury SUV,Small
VP84987,California,Basic,College,Unemployed,M,0,Suburban,Divorced,73,9,94,0,2,Personal Auto,Personal L3,Offer1,Agent,350.4,Two-Door Car,Medsize
DN46994,California,Basic,Bachelor,Employed,F,72633,Rural,Married,67,28,91,0,8,Personal Auto,Personal L3,Offer1,Agent,155.761761,Four-Door Car,Medsize
GY23881,Oregon,Basic,High School or Below,Employed,M,81687,Suburban,Single,61,7,77,0,6,Personal Auto,Personal L2,Offer2,Call Center,292.8,Four-Door Car,Medsize
IX46908,California,Basic,College,Medical Leave,F,21289,Suburban,Married,71,15,98,0,3,Corporate Auto,Corporate L2,Offer2,Branch,340.8,Four-Door Car,Large
WH24638,California,Extended,College,Employed,F,24450,Urban,Married,90,4,65,0,4,Personal Auto,Personal L2,Offer3,Agent,250.959093,Four-Door Car,Medsize
EB61889,California,Extended,High School or Below,Medical Leave,M,25322,Suburban,Divorced,126,23,52,0,3,Corporate Auto,Corporate L3,Offer3,Call Center,886.033554,Sports Car,Medsize
SZ94413,California,Extended,High School or Below,Employed,M,30706,Urban,Married,84,6,34,0,1,Personal Auto,Personal L2,Offer2,Agent,225.654806,Four-Door Car,Medsize
FV63234,California,Basic,Bachelor,Unemployed,F,0,Suburban,Divorced,67,3,69,0,7,Personal Auto,Personal L2,Offer2,Branch,321.6,Four-Door Car,Medsize
MQ84363,California,Extended,Bachelor,Employed,M,58971,Urban,Divorced,94,12,75,1,2,Corporate Auto,Corporate L1,Offer1,Agent,318.882053,Four-Door Car,Medsize
US30122,California,Basic,College,Unemployed,M,0,Suburban,Single,198,2,75,0,2,Corporate Auto,Corporate L3,Offer2,Branch,2275.265075,Luxury Car,Medsize
RM93459,California,Basic,College,Unemployed,M,0,Suburban,Divorced,73,9,94,0,2,Personal Auto,Personal L3,Offer1,Agent,350.4,Two-Door Car,Medsize
SP29219,California,Premium,College,Unemployed,M,0,Suburban,Married,105,3,92,0,1,Personal Auto,Personal L3,Offer1,Branch,504,Four-Door Car,Large
